2012-01-02,Isa 24-28
2012-01-09,Isa 29-33
2012-01-16,Isa 34-37
2012-01-23,Isa 38-42
2012-01-30,Isa 43-46
2012-02-06,Isa 47-51
2012-02-13,Isa 52-57
2012-02-20,Isa 58-62
2012-02-27,Isa 63-66
2012-03-05,Jer 1-4
2012-03-12,Jer 5-7
2012-03-19,Jer 8-11
2012-03-26,Jer 12-16
2012-04-02,Jer 17-21
2012-04-09,Jer 22-24
2012-04-16,Jer 25-28
2012-04-23,Jer 29-31
2012-04-30,Jer 32-34
2012-05-07,Jer 35-38
2012-05-14,Jer 39-43
2012-05-21,Jer 44-48
2012-05-28,Jer 49-50
2012-06-04,Jer 51-52
2012-06-11,La 1-2
2012-06-18,La 3-5
2012-06-25,Eze 1-5
2012-07-02,Eze 6-10
2012-07-09,Eze 11-14
2012-07-16,Eze 15-17
2012-07-23,Eze 18-20
2012-07-30,Eze 21-23
2012-08-06,Eze 24-27
2012-08-13,Eze 28-31
2012-08-20,Eze 32-34
2012-08-27,Eze 35-38
2012-09-03,Eze 39-41
2012-09-10,Eze 42-45
2012-09-17,Eze 46-48
2012-09-24,Da 1-3
2012-10-01,Da 4-6
2012-10-08,Da 7-9
2012-10-15,Da 10-12
2012-10-22,Ho 1-7
2012-10-29,Ho 8-14
2012-11-05,Joe 1-3
2012-11-12,Am 1-9
2012-11-19,Ob/Jon 1-4
2012-11-26,Mic 1-7
2012-12-03,Na 1-3/Hab 1-3
2012-12-10,Zep 1-3/Hag 1-2
2012-12-17,Zec 1-8
2012-12-24,Zec 9-14
2012-12-31,Mal 1-4
